datum;s2_datenverlust_%;s1_otsu_dB;s1_status;ndwi_otsu;ndwi_status;M5_quelle;M1_S1_K0_km2;M2_S2_NDWI_km2;M3_AND_km2;M4_OR_km2;M5_WEIGHTED_km2;M1_delta_km2;M2_delta_km2;M3_delta_km2;M4_delta_km2;M5_delta_km2;M4_delta_pct;M5_delta_pct
2016-01;56,2;-19,16;ok;0,129;ok;S1;74,512;19,397;18,667;75,242;74,512;0,8386;15,3964;15,2414;0,8979;0,8386;1,2;1,1
2016-02;100,0;-21,44;ok;;zu_wenig_pixel;S1;42,819;;;42,819;42,819;22,6488;;;22,6488;22,6488;52,9;52,9
2016-03;28,3;-19,34;ok;0,233;ok;S2+S1;75,132;34,385;34,285;75,233;55,434;0,884;3,4883;3,5228;0,8333;4,6976;1,1;8,5
2016-04;5,1;-20,0;ok;0,676;unplausibel;S1;75,161;22,378;22,203;75,335;75,161;0,7881;5,0789;5,0386;0,7928;0,7881;1,1;1,0
2016-05;3,7;-18,58;ok;0,369;ok;S2+S1;75,202;20,726;20,376;75,552;23,382;0,8069;3,3515;3,3201;0,8077;3,4117;1,1;14,6
2016-06;9,2;-19,26;ok;0,483;ok;S2+S1;74,968;43,702;43,232;75,438;50,58;0,8229;7,9726;7,8862;0,835;7,6142;1,1;15,1
2016-07;0,2;-18,2;ok;0,292;ok;S2+S1;75,104;71,841;71,341;75,604;71,877;0,9411;2,3363;2,4302;0,8158;2,3464;1,1;3,3
2016-08;0,2;-19,4;ok;0,11;ok;S2+S1;75,038;75,448;74,774;75,713;75,485;0,8261;0,8649;0,8639;0,8088;0,8677;1,1;1,1
2016-09;11,2;-19,51;ok;0,395;ok;S2+S1;74,856;25,981;25,851;74,987;34,09;0,8285;5,3754;5,3599;0,8237;5,7276;1,1;16,8
2016-10;0,0;-19,07;ok;0,105;ok;S2+S1;74,884;75,091;74,545;75,429;75,097;0,8105;0,9679;0,9334;0,8277;0,9468;1,1;1,3
2016-11;15,2;-19,32;ok;0,132;ok;S2+S1;74,888;12,673;12,397;75,164;24,098;0,8021;6,6606;6,6039;0,822;7,0609;1,1;29,3
2016-12;34,4;-20,06;ok;0,184;ok;S2+S1;74,491;8,511;8,405;74,596;34,518;0,8167;5,0955;5,0579;0,8282;5,9871;1,1;17,3
2017-01;100,0;-20,55;ok;;zu_wenig_pixel;S1;72,932;;;72,932;72,932;1,851;;;1,851;1,851;2,5;2,5
2017-02;7,1;-20,27;ok;0,401;ok;S2+S1;74,508;24,462;23,942;75,028;29,825;0,886;5,4019;5,3569;0,8865;5,682;1,2;19,1
2017-03;0,2;-20,16;ok;0,605;unplausibel;S1;75,31;38,678;38,416;75,571;75,31;0,7698;5,0135;4,9785;0,7769;0,7698;1,0;1,0
2017-04;0,3;-19,1;ok;0,257;ok;S2+S1;75,302;74,995;74,565;75,732;75,02;0,7869;1,1761;1,1498;0,7986;1,1828;1,1;1,6
2017-05;0,2;-19,61;ok;0,172;ok;S2+S1;75,069;75,722;74,927;75,864;75,749;0,7953;0,8505;0,8515;0,7841;0,8544;1,0;1,1
2017-06;0,2;-18,28;ok;0,433;ok;S2+S1;74,8;31,236;30,972;75,063;31,287;0,8347;6,6735;6,6521;0,8372;6,7054;1,1;21,4
2017-07;0,3;-18,92;ok;0,509;unplausibel;S1;74,872;64,346;64,115;75,102;74,872;0,8244;4,1534;4,1335;0,8192;0,8244;1,1;1,1
2017-08;0,8;-19,07;ok;0,221;ok;S2+S1;75,062;47,327;47,006;75,383;47,732;0,7997;5,3975;5,3595;0,804;5,5391;1,1;11,6
2017-09;0,5;-19,25;ok;0,284;ok;S2+S1;75,086;63,53;63,162;75,454;63,858;0,8092;5,0971;5,0661;0,8137;5,06;1,1;7,9
2017-10;0,8;-18,84;ok;0,387;ok;S2+S1;75,106;27,222;26,968;75,36;27,853;0,7805;8,8114;8,7869;0,7816;8,3503;1,0;30,0
2017-11;35,4;-18,72;ok;0,416;ok;S2+S1;75,244;27,142;26,979;75,408;54,058;0,7723;7,3688;7,3239;0,7849;5,7054;1,0;10,6
2017-12;5,9;-18,82;ok;0,387;ok;S2+S1;75,23;5,835;5,793;75,271;10,327;0,7893;3,3387;3,3219;0,7949;1,4434;1,1;14,0
2018-01;5,7;-19,24;ok;0,301;ok;S2+S1;75,381;42,946;42,571;75,756;47,338;0,7719;18,1625;18,0575;0,8115;17,9759;1,1;38,0
2018-02;1,3;-18,75;ok;0,323;ok;S2+S1;75,265;67,322;67,133;75,455;67,714;0,788;3,1065;3,0688;0,8017;3,2426;1,1;4,8
2018-03;0,0;-20,11;ok;0,516;unplausibel;S1;74,993;24,64;24,418;75,215;74,993;0,7994;6,0558;6,023;0,8104;0,7994;1,1;1,1
2018-04;2,4;-20,43;ok;0,472;ok;S2+S1;75,241;54,602;54,305;75,538;56,232;0,7842;3,8973;3,8552;0,7956;3,9045;1,1;6,9
2018-05;0,6;-19,74;ok;0,507;unplausibel;S1;74,937;56,903;56,638;75,202;74,937;0,7967;4,8266;4,787;0,8076;0,7967;1,1;1,1
2018-06;1,2;-19,61;ok;0,486;ok;S2+S1;74,773;36,941;36,747;74,967;37,644;0,828;5,5387;5,5128;0,8258;5,5351;1,1;14,7
2018-07;0,2;-20,13;ok;0,187;ok;S2+S1;74,777;75,178;74,36;75,595;75,211;0,8284;0,9295;0,9519;0,7959;0,9262;1,1;1,2
2018-08;0,1;-20,04;ok;0,218;ok;S2+S1;74,563;74,856;74,192;75,227;74,872;0,8373;0,8087;0,8337;0,8039;0,8129;1,1;1,1
2018-09;0,0;-20,36;ok;0,232;ok;S2+S1;74,792;75,201;74,501;75,493;75,201;0,8161;0,8186;0,8309;0,7962;0,8186;1,1;1,1
2018-10;0,0;-20,34;ok;0,221;ok;S2+S1;74,605;75,046;74,384;75,266;75,046;0,8054;0,806;0,8031;0,8034;0,806;1,1;1,1
2018-11;0,1;-19,99;ok;0,467;ok;S2+S1;74,56;64,879;64,684;74,755;64,923;0,7984;6,6538;6,6227;0,8033;6,6078;1,1;10,2
2018-12;74,2;-19,33;ok;0,138;ok;S1;74,635;3,436;3,323;74,748;74,635;0,9283;0,9111;0,8954;0,9332;0,9283;1,2;1,2
2019-01;19,0;-21,94;ok;0,337;ok;S2+S1;37,76;45,619;23,759;59,62;51,474;18,949;3,8656;13,1063;8,7908;7,0007;14,7;13,6
2019-02;4,5;-22,0;ok;0,266;ok;S2+S1;74,266;59,458;58,544;75,179;62,745;1,0844;3,5773;3,4323;1,1395;2,9761;1,5;4,7
2019-03;1,7;-23,08;ok;0,577;unplausibel;S1;50,296;40,84;28,07;63,066;50,296;25,4025;7,0805;14,7681;15,408;25,4025;24,4;50,5
2019-04;0,2;-20,73;ok;0,421;ok;S2+S1;75,272;62,764;62,463;75,572;62,784;0,7848;3,0131;2,9843;0,7876;3,0164;1,0;4,8
2019-05;0,7;-20,21;ok;0,446;ok;S2+S1;75,181;74,109;73,55;75,74;74,464;0,7893;1,4281;1,4115;0,7818;1,378;1,0;1,9
2019-06;0,1;-20,1;ok;0,246;ok;S2+S1;74,924;75,609;74,795;75,738;75,62;0,7913;0,7981;0,8124;0,7709;0,7967;1,0;1,1
2019-07;0,7;-20,35;ok;0,259;ok;S2+S1;74,567;74,347;73,74;75,173;74,722;0,8376;0,9585;0,9778;0,8074;0,8566;1,1;1,1
2019-08;0,2;-20,15;ok;0,412;ok;S2+S1;74,714;17,246;17,053;74,906;17,28;0,8417;2,1021;2,0745;0,8491;2,1134;1,1;12,2
2019-09;0,0;-19,85;ok;0,371;ok;S2+S1;74,725;53,015;52,751;74,989;53,016;0,8337;4,4738;4,4332;0,8381;4,4727;1,1;8,4
2019-10;0,0;-19,95;ok;0,515;unplausibel;S1;74,846;47,698;47,535;75,01;74,846;0,8035;6,0781;6,0616;0,7991;0,8035;1,1;1,1
2019-11;8,0;-20,09;ok;0,13;ok;S2+S1;74,91;24,447;24,277;75,08;30,446;0,7939;5,5864;5,5549;0,8005;6,1539;1,1;20,2
2019-12;41,8;-19,51;ok;0,363;ok;S2+S1;74,903;18,047;17,758;75,192;50,208;0,8164;12,0286;11,8909;0,8573;6,6362;1,1;13,2
2020-01;0,4;-20,92;ok;0,098;ok;S2+S1;74,69;39,319;38,646;75,363;39,644;0,8063;19,4787;19,268;0,8821;19,6957;1,2;49,7
2020-02;0,1;-20,33;ok;0,58;unplausibel;S1;75,181;56,085;55,845;75,42;75,181;0,8641;8,9807;9,0021;0,8094;0,8641;1,1;1,1
2020-03;0,0;-20,1;ok;0,527;unplausibel;S1;75,163;39,216;38,962;75,417;75,163;0,8849;9,4605;9,4448;0,8621;0,8849;1,1;1,2
2020-04;0,1;-21,28;ok;0,532;unplausibel;S1;74,725;20,557;20,296;74,987;74,725;0,8101;3,9146;3,8758;0,8253;0,8101;1,1;1,1
2020-05;0,1;-20,29;ok;0,505;unplausibel;S1;74,685;24,173;23,826;75,032;74,685;0,8129;4,4069;4,3632;0,8216;0,8129;1,1;1,1
2020-06;0,1;-19,47;ok;0,198;ok;S2+S1;74,82;75,045;74,365;75,5;75,077;0,8058;0,8724;0,8808;0,7862;0,8871;1,0;1,2
2020-07;0,2;-19,58;ok;0,204;ok;S2+S1;74,947;75,426;74,703;75,669;75,456;0,797;0,8258;0,8459;0,7702;0,8268;1,0;1,1
2020-08;0,1;-19,28;ok;0,203;ok;S2+S1;74,972;75,464;74,796;75,64;75,471;0,8027;0,8132;0,8336;0,774;0,8117;1,0;1,1
2020-09;0,0;-19,86;ok;0,037;ok;S2+S1;74,808;75,556;74,68;75,685;75,556;0,8034;0,8257;0,8367;0,7837;0,8257;1,0;1,1
2020-10;0,4;-19,66;ok;0,232;ok;S2+S1;75,02;9,344;8,985;75,379;9,553;0,7849;3,1924;3,1337;0,8038;3,2743;1,1;34,3
2020-11;0,0;-20,14;ok;0,233;ok;S2+S1;74,892;63,518;62,936;75,474;63,519;0,7824;8,9616;8,8881;0,8146;8,9612;1,1;14,1
2020-12;37,4;-19,67;ok;0,316;ok;S2+S1;74,568;3,567;3,379;74,757;32,204;0,8105;2,9411;2,7998;0,8647;3,0115;1,2;9,4
2021-01;97,4;-22,21;ok;0,131;ok;S1;42,719;0,781;0,536;42,964;42,719;21,1307;0,2148;0,3462;20,9288;21,1307;48,7;49,5
2021-02;0,1;-20,57;ok;0,414;ok;S2+S1;74,844;55,178;54,961;75,061;55,189;0,8247;2,6214;2,604;0,8179;2,6252;1,1;4,8
2021-03;0,7;-20,35;ok;0,299;ok;S2+S1;74,847;19,479;19,055;75,271;20,029;0,8108;6,3093;6,2243;0,8416;6,3821;1,1;31,9
2021-04;0,2;-20,15;ok;0,486;ok;S2+S1;75,063;19,976;19,766;75,272;20,001;0,7943;3,0326;3,0022;0,8048;3,0381;1,1;15,2
2021-05;13,3;-19,18;ok;0,337;ok;S2+S1;75,106;17,698;17,467;75,337;27,507;0,8457;5,2788;5,164;0,8874;5,2998;1,2;19,3
2021-06;0,1;-19,5;ok;0,177;ok;S2+S1;74,843;75,519;74,62;75,742;75,539;0,8029;0,819;0,826;0,7854;0,8153;1,0;1,1
2021-07;0,2;-19,82;ok;0,161;ok;S2+S1;74,809;75,335;74,548;75,596;75,367;0,817;0,7955;0,8323;0,7726;0,7981;1,0;1,1
2021-08;1,0;-18,76;ok;0,341;ok;S2+S1;75,122;42,564;42,312;75,374;43,17;0,8575;4,8779;4,8824;0,816;4,9003;1,1;11,4
2021-09;0,0;-20,35;ok;0,121;ok;S2+S1;74,955;75,547;74,792;75,71;75,547;0,797;0,813;0,8242;0,7773;0,813;1,0;1,1
2021-10;18,4;-20,17;ok;0,395;ok;S2+S1;74,87;34,674;34,374;75,17;48,827;0,7995;18,5855;18,5225;0,814;16,3671;1,1;33,5
2021-11;11,4;-19,46;ok;0,002;ok;S2+S1;74,739;37,225;36,832;75,132;45,31;0,8058;16,7588;16,6952;0,8214;17,1316;1,1;37,8
2021-12;2,9;-20,15;ok;0,465;ok;S2+S1;74,611;49,544;49,27;74,885;51,762;0,8014;21,7746;21,6986;0,8244;19,6882;1,1;38,0
2022-01;44,1;-22,93;ok;-0,152;ok;S2+S1;57,316;37,814;27,245;67,885;64,15;24,9726;4,4739;14,3476;13,7243;15,4618;20,2;24,1
2022-02;1,4;-20,35;ok;0,498;ok;S2+S1;33,128;42,171;16,954;58,345;42,689;20,2661;12,3597;13,1633;16,3461;12,4411;28,0;29,1
2022-03;0,0;-21,32;ok;0,204;ok;S2+S1;74,823;75,458;74,665;75,615;75,458;0,8517;0,8245;0,8503;0,8168;0,8245;1,1;1,1
2022-04;5,0;-22,2;ok;0,517;unplausibel;S1;45,627;21,719;13,673;53,672;45,627;27,6878;4,8709;8,7732;22,2628;27,6878;41,5;60,7
2022-05;0,2;-20,39;ok;0,515;unplausibel;S1;74,834;31,742;31,333;75,243;74,834;0,823;5,1662;5,1184;0,824;0,823;1,1;1,1
2022-06;0,2;-18,52;ok;0,41;ok;S2+S1;75,045;25,171;25,009;75,207;25,213;0,8209;5,5382;5,5021;0,822;5,5615;1,1;22,1
2022-07;0,1;-20,04;ok;0,184;ok;S2+S1;74,698;75,291;74,485;75,503;75,317;0,8585;0,7768;0,8376;0,7904;0,779;1,0;1,0
2022-08;0,1;-19,87;ok;0,25;ok;S2+S1;74,675;75,029;74,369;75,336;75,047;0,8805;0,7982;0,8662;0,8024;0,8013;1,1;1,1
2022-09;16,8;-19,63;ok;0,373;ok;S2+S1;74,914;35,837;35,692;75,058;48,25;0,8508;4,025;4,0301;0,8262;4,7937;1,1;9,9
2022-10;2,2;-20,45;ok;0,223;ok;S2+S1;74,878;36,126;35,767;75,237;37,764;0,7973;13,3995;13,3285;0,8104;13,9012;1,1;36,8
2022-11;69,5;-19,64;ok;0,195;ok;S1;74,856;1,909;1,881;74,885;74,856;0,8103;0,8661;0,8546;0,8136;0,8103;1,1;1,1
2022-12;100,0;-19,87;ok;;zu_wenig_pixel;S1;74,84;;;74,84;74,84;0,8314;;;0,8314;0,8314;1,1;1,1
2023-01;85,5;-19,27;ok;0,031;ok;S1;74,805;8,515;8,446;74,874;74,805;1,0223;1,0892;1,0962;1,003;1,0223;1,3;1,4
2023-02;0,0;-20,48;ok;0,264;ok;S2+S1;74,309;68,082;67,488;74,904;68,082;1,7691;5,248;6,071;0,8712;5,248;1,2;7,7
2023-03;44,9;-19,51;ok;0,242;ok;S2+S1;74,948;17,2;17,104;75,045;50,602;1,0186;2,994;3,0251;0,9629;4,5269;1,3;8,9
2023-04;95,9;-20,65;ok;0,028;ok;S1;75,157;1,219;1,172;75,205;75,157;0,9115;0,5406;0,5238;0,9212;0,9115;1,2;1,2
2023-05;3,3;-19,34;ok;0,404;ok;S2+S1;75,084;44,411;44,095;75,4;46,676;1,1117;5,0013;5,1176;0,943;5,2962;1,3;11,3
2023-06;0,2;-19,06;ok;0,441;ok;S2+S1;74,732;23,983;23,485;75,23;24,014;0,9607;4,3848;4,3667;0,9309;4,3817;1,2;18,2
2023-07;0,2;-19,28;ok;0,237;ok;S2+S1;74,464;74,4;73,806;75,058;74,457;1,0548;0,8656;1,112;0,7984;0,8916;1,1;1,2
2023-08;0,2;-19,37;ok;0,181;ok;S2+S1;74,769;75,28;74,515;75,534;75,306;0,9223;0,7926;0,9147;0,7924;0,7943;1,0;1,1
2023-09;0,0;-19,68;ok;0,126;ok;S2+S1;74,822;75,295;74,578;75,539;75,295;0,8645;0,7988;0,869;0,7851;0,7988;1,0;1,1
2023-10;23,8;-19,67;ok;0,41;ok;S2+S1;74,327;39,611;39,388;74,55;57,911;0,8401;9,3026;9,251;0,842;3,9453;1,1;6,8
2023-11;73,7;-21,89;ok;0,363;ok;S1;46,247;16,644;9,959;52,931;46,247;24,9902;7,4442;7,4455;22,7883;24,9902;43,1;54,0
2023-12;1,4;-23,32;ok;0,176;ok;S2+S1;48,065;55,859;34,257;69,667;56,645;23,3851;9,4612;20,3707;10,3289;10,1167;14,8;17,9
2024-01;55,6;-20,11;ok;0,301;ok;S1;75,163;27,588;27,104;75,648;75,163;0,8198;13,2983;13,1022;0,88;0,8198;1,2;1,1
2024-02;13,7;-21,41;ok;-0,107;ok;S2+S1;75,023;40,497;39,584;75,936;50,742;0,7762;7,3273;7,2126;0,8283;7,8618;1,1;15,5
2024-03;0,2;-20,49;ok;0,409;ok;S2+S1;74,946;24,286;23,961;75,271;24,412;0,8102;9,3595;9,3004;0,8329;9,3684;1,1;38,4
2024-04;0,2;-20,0;ok;0,281;ok;S2+S1;75,024;40,221;39,721;75,524;40,24;0,973;5,2464;5,305;0,8702;5,2497;1,2;13,0
2024-05;62,8;-20,0;ok;-0,065;ok;S1;74,875;12,173;11,911;75,137;74,875;0,8057;2,2602;2,2211;0,815;0,8057;1,1;1,1
2024-06;8,3;-19,11;ok;0,548;unplausibel;S1;75,019;18,166;17,952;75,233;75,019;0,8593;4,5738;4,5406;0,8495;0,8593;1,1;1,1
2024-07;0,2;-20,03;ok;0,076;ok;S2+S1;74,83;75,328;74,529;75,629;75,375;0,8126;0,7981;0,8267;0,775;0,7973;1,0;1,1
2024-08;0,2;-19,77;ok;0,121;ok;S2+S1;74,887;75,334;74,603;75,618;75,379;0,8174;0,8004;0,8329;0,7744;0,802;1,0;1,1
2024-09;0,2;-22,28;ok;0,347;ok;S2+S1;45,208;73,572;44,167;74,614;73,663;21,8094;1,3997;21,55;1,4636;1,4027;2,0;1,9
2024-10;0,0;-19,33;ok;0,386;ok;S2+S1;75,072;67,852;67,524;75,4;67,859;0,8986;8,516;8,5846;0,7856;8,5038;1,0;12,5
2024-11;31,7;-19,19;ok;0,316;ok;S2+S1;74,824;37,307;37,047;75,083;60,945;0,8668;6,6557;6,6463;0,8436;7,1848;1,1;11,8
2024-12;1,8;-20,0;ok;0,23;ok;S2+S1;74,604;8,386;8,102;74,889;9,724;1,205;3,2444;3,154;1,2451;2,9827;1,7;30,7
2025-01;25,5;-23,03;ok;-0,23;ok;S2+S1;46,984;45,255;28,276;63,964;57,59;22,8896;5,3544;14,2394;12,523;10,9682;19,6;19,0
2025-02;100,0;-21,16;ok;;zu_wenig_pixel;S1;74,368;;;74,368;74,368;0,8099;;;0,8099;0,8099;1,1;1,1
2025-03;0,0;-20,48;ok;0,521;unplausibel;S1;74,296;31,556;31,373;74,478;74,296;0,8606;8,473;8,4608;0,8427;0,8606;1,1;1,2
2025-04;0,2;-21,09;ok;0,497;ok;S2+S1;74,666;21,558;21,284;74,941;21,619;0,8119;4,0434;4,0077;0,8237;4,0191;1,1;18,6
2025-05;0,1;-19,89;ok;0,416;ok;S2+S1;74,526;11,442;11,149;74,819;11,463;0,8077;2,3628;2,3226;0,8196;2,3792;1,1;20,8
2025-06;0,2;-19,88;ok;0,32;ok;S2+S1;74,568;11,112;10,85;74,83;11,172;0,8156;2,6261;2,6014;0,8176;2,6657;1,1;23,9
2025-07;0,1;-18,98;ok;0,116;ok;S2+S1;74,879;75,115;74,523;75,472;75,151;0,8237;0,8272;0,8471;0,792;0,8266;1,0;1,1
2025-08;0,2;-20,03;ok;0,044;ok;S2+S1;74,976;75,506;74,756;75,726;75,536;0,7872;0,8216;0,8233;0,7691;0,8155;1,0;1,1
2025-09;0,0;-19,77;ok;0,147;ok;S2+S1;74,868;75,196;74,511;75,553;75,196;0,7951;0,9324;0,9256;0,7857;0,9324;1,0;1,2
2025-10;0,2;-19,62;ok;0,402;ok;S2+S1;74,834;52,395;52,079;75,15;52,511;0,8071;6,8494;6,8187;0,8034;6,8215;1,1;13,0
2025-11;15,6;-20,22;ok;-0,121;ok;S2+S1;74,709;51,026;50,285;75,45;62,481;0,7835;12,627;12,3553;0,8965;12,7837;1,2;20,5
2025-12;5,0;-20,51;ok;0,176;ok;S2+S1;74,582;10,853;10,41;75,025;14,7;0,7903;8,2174;8,0302;0,8642;10,1907;1,2;69,3
